
{
    "model": {
        "lr": 0.17145,
        "lf": 0.15875,
        "m": 3.45,
        "g": 9.81,

        "C_m1": 12,
        "C_m2": 2.17,
        "C_r2": 0.1,
        "C_r0": 0.6,

        "mu": 1.0489,
        "C_Sf": 4.718,
        "C_Sr": 5.4562,
        "h": 0.074,
        "I": 0.04712,

        "s_min": -0.4189,
        "s_max": 0.4189,
        "sv_min": -0.4189,
        "sv_max": 0.4189,

        "v_switch": 7.319,
        "a_max": 9.51,
        "v_min": -5.0,
        "v_max": 4.0,

        "width": 0.31,
        "length": 0.58
    },
    "mpc": {
        "n_horizon": 20,
        "t_step": 0.2,
        "safety_distance": 0.2,
        "max_iter": 100
    }
}
